elapsed_s,rss_total_mib,cpu_percent_sum,n_processes
0.00,35.55,0.00,1
1.05,213.98,0.00,2
2.10,933.04,41.00,6
3.15,1564.18,400.70,6
4.19,1592.16,396.50,6
5.24,1514.02,399.40,6
6.29,1599.58,399.50,6
7.34,1571.37,398.60,6
8.39,1574.91,398.20,6
9.44,1532.53,398.20,6
10.49,1554.34,397.70,6
11.54,1585.52,400.60,6
12.59,1593.57,397.70,6
13.64,1595.01,397.70,6
14.69,1661.57,399.40,6
15.73,1576.42,398.20,6
16.78,1581.62,395.80,6
17.83,1559.82,401.80,6
18.88,1566.29,399.40,6
19.93,1513.33,398.60,6
20.98,1549.11,396.40,6
22.03,1576.70,398.60,6
23.08,1580.63,400.40,6
24.13,1578.34,398.20,6
25.18,1612.88,397.40,6
26.23,1592.48,398.40,6
27.28,1622.81,358.50,6
28.33,1174.93,1.00,6
29.38,1241.40,400.90,6
30.43,1252.75,395.60,6
31.48,1219.55,392.70,6
32.54,1250.44,398.60,6
33.59,1345.62,394.00,6
34.64,1242.75,385.70,6
35.70,1238.88,300.70,6
36.76,307.12,251.20,2
37.81,352.71,385.90,2
38.85,352.79,317.20,2
39.90,354.32,357.20,2
40.95,1555.55,10.50,6
42.00,1664.78,399.30,6
43.05,1660.04,396.70,6
44.10,1446.06,369.10,6
45.15,1483.99,2.80,6
46.21,1433.48,396.00,6
47.26,1508.01,400.40,6
48.31,1635.49,398.00,6
49.36,1625.10,398.70,6
50.41,1568.52,396.90,6
51.46,1490.58,400.00,6
52.51,1471.10,301.40,6
53.56,1510.27,99.20,6
54.61,1753.60,13.30,6
55.66,1642.35,399.70,6
56.72,1548.29,397.80,6
57.77,1675.80,397.70,6
58.81,1470.86,305.30,6
